Max,Min,Ave,Sum,Count
9874.610465755648,0.0643602289153509,2503.0733669409874,25030733.66941007,10000
